{"count":1,"gauges":{},"self":3.8470619999999998,"total":3.8560564,"children":{"AgentSendState":{"count":181,"self":0.0019989,"total":0.0029985,"children":{"CollectObservations":{"count":289,"self":0.0009996,"total":0.0009996,"children":null}}},"DecideAction":{"count":181,"self":0,"total":0,"children":null},"AgentAct":{"count":181,"self":0.0039968999999999994,"total":0.0039968999999999994,"children":null}}}