{"count":1,"gauges":{},"self":10.7117384,"total":10.7377287,"children":{"AgentSendState":{"count":439,"self":0.0069968999999999995,"total":0.0119945,"children":{"CollectObservations":{"count":697,"self":0.0049976,"total":0.0049976,"children":null}}},"DecideAction":{"count":439,"self":0.0029993999999999997,"total":0.0029993999999999997,"children":null},"AgentAct":{"count":439,"self":0.009996699999999999,"total":0.009996699999999999,"children":null}}}